Level,OrderTypeA,DescriptionA,OrderTypeB,DescriptionB,OrderTypeC,DescriptionC,OrderTypeD,DescriptionD,OrderTypeE,DescriptionE,기획 확인용,~ID,~항목,~TypeA,~TypeB,~TypeC,~TypeD,~TypeE
1,Evolution_Atk,공격력 증가,Evolution_Atk,공격력 증가,Evolution_Atk,공격력 증가,Evolution_Boom,폭탄 설치,Evolution_Atk,공격력 증가,1,Evolution_Atk,공격력 증가,81,78,78,78,78
2,Evolution_SkillCool,이동속도 증가,Evolution_CriticalDamage,치명타 데미지 증가,Evolution_Berserker,투지,Evolution_Move,이동속도 증가,Evolution_Boom,폭탄 설치,2,Evolution_Hp,최대 체력 증가,46,46,46,46,46
3,Evolution_Hp,스킬 쿨타임 감소,Evolution_SkillCool,스킬 쿨타임 감소,Evolution_Atk,공격력 증가,Evolution_invincibility,긴급 회피,Evolution_Atk,공격력 증가,3,Evolution_Move,이동속도 증가,59,62,62,62,61
4,Evolution_Atk,공격력 증가,Evolution_Atk,공격력 증가,Evolution_CriticalDamage,치명타 데미지 증가,Evolution_Move,이동속도 증가,Evolution_Critical,치명타 확률 증가,4,Evolution_Critical,치명타 확률 증가,20,20,20,21,20
5,Evolution_Berserker,투지,Evolution_Move,이동속도 증가,Evolution_Atk,공격력 증가,Evolution_Boom,공격력 증가,Evolution_Berserker,투지,5,Evolution_CriticalDamage,치명타 데미지 증가,30,30,30,29,30
6,Evolution_Atk,공격력 증가,Evolution_Boom,폭탄 설치,Evolution_Critical,치명타 확률 증가,Evolution_Berserker,투지,Evolution_CriticalDamage,치명타 데미지 증가,6,Evolution_Boom,폭탄 설치,27,27,27,26,27
7,Evolution_CriticalDamage,치명타 데미지 증가,Evolution_Atk,공격력 증가,Evolution_CriticalDamage,치명타 데미지 증가,Evolution_Atk,공격력 증가,Evolution_Atk,공격력 증가,7,Evolution_SkillCool,스킬 쿨타임 감소,15,15,15,15,15
8,Evolution_SkillCool,스킬 쿨타임 감소,Evolution_CriticalDamage,치명타 데미지 증가,Evolution_Atk,공격력 증가,Evolution_Critical,치명타 확률 증가,Evolution_Hp,최대 체력 증가,8,Evolution_Berserker,투지,10,10,10,10,11
9,Evolution_Move,이동속도 증가,Evolution_invincibility,긴급 회피,Evolution_Boom,폭탄 설치,Evolution_Atk,공격력 증가,Evolution_CriticalDamage,치명타 데미지 증가,9,Evolution_invincibility,긴급 회피,12,12,12,13,12
10,Evolution_Boom,폭탄 설치,Evolution_Atk,공격력 증가,Evolution_Move,이동속도 증가,Evolution_Critical,치명타 확률 증가,Evolution_Hp,최대 체력 증가,,,,300,300,300,300,300
11,Evolution_invincibility,긴급 회피,Evolution_Hp,최대 체력 증가,Evolution_Atk,공격력 증가,Evolution_Atk,공격력 증가,Evolution_Move,이동속도 증가,,,,,,,,
12,Evolution_Move,이동속도 증가,Evolution_Atk,공격력 증가,Evolution_Critical,치명타 확률 증가,Evolution_Move,이동속도 증가,Evolution_Hp,최대 체력 증가,,,,,,,,
13,Evolution_Atk,공격력 증가,Evolution_Move,이동속도 증가,Evolution_Hp,최대 체력 증가,Evolution_Move,이동속도 증가,Evolution_Atk,공격력 증가,,,,,,,,
14,Evolution_Atk,공격력 증가,Evolution_Move,이동속도 증가,Evolution_Hp,최대 체력 증가,Evolution_Atk,공격력 증가,Evolution_Boom,폭탄 설치,,,,,,,,
15,Evolution_Hp,최대 체력 증가,Evolution_Critical,치명타 확률 증가,Evolution_Boom,폭탄 설치,Evolution_Hp,최대 체력 증가,Evolution_Critical,치명타 확률 증가,,,,,,,,
16,Evolution_Move,이동속도 증가,Evolution_Hp,최대 체력 증가,Evolution_Hp,최대 체력 증가,Evolution_Hp,최대 체력 증가,Evolution_SkillCool,스킬 쿨타임 감소,,,,,,,,
17,Evolution_Move,이동속도 증가,Evolution_Move,이동속도 증가,Evolution_SkillCool,스킬 쿨타임 감소,Evolution_Critical,치명타 확률 증가,Evolution_Boom,폭탄 설치,,,,,,,,
18,Evolution_Atk,공격력 증가,Evolution_Atk,공격력 증가,Evolution_Move,이동속도 증가,Evolution_Move,이동속도 증가,Evolution_Critical,치명타 확률 증가,,,,,,,,
19,Evolution_Move,이동속도 증가,Evolution_Hp,최대 체력 증가,Evolution_Boom,폭탄 설치,Evolution_Hp,최대 체력 증가,Evolution_Move,이동속도 증가,,,,,,,,
20,Evolution_Hp,최대 체력 증가,Evolution_Move,이동속도 증가,Evolution_Berserker,투지,Evolution_Critical,치명타 확률 증가,Evolution_Boom,폭탄 설치,,,,,,,,
21,Evolution_Berserker,투지,Evolution_Boom,폭탄 설치,Evolution_Hp,최대 체력 증가,Evolution_Move,이동속도 증가,Evolution_Berserker,투지,,,,,,,,
22,Evolution_Atk,공격력 증가,Evolution_CriticalDamage,치명타 데미지 증가,Evolution_Atk,공격력 증가,Evolution_Atk,공격력 증가,Evolution_SkillCool,스킬 쿨타임 감소,,,,,,,,
23,Evolution_Berserker,투지,Evolution_invincibility,긴급 회피,Evolution_Atk,공격력 증가,Evolution_Boom,폭탄 설치,Evolution_CriticalDamage,치명타 데미지 증가,,,,,,,,
24,Evolution_Atk,공격력 증가,Evolution_CriticalDamage,치명타 데미지 증가,Evolution_Atk,공격력 증가,Evolution_invincibility,긴급 회피,Evolution_Move,이동속도 증가,,,,,,,,
25,Evolution_Boom,폭탄 설치,Evolution_Hp,최대 체력 증가,Evolution_Atk,공격력 증가,Evolution_Critical,치명타 확률 증가,Evolution_Atk,공격력 증가,,,,,,,,
26,Evolution_Hp,최대 체력 증가,Evolution_Atk,공격력 증가,Evolution_Boom,폭탄 설치,Evolution_Move,이동속도 증가,Evolution_Hp,최대 체력 증가,,,,,,,,
27,Evolution_Atk,공격력 증가,Evolution_Boom,폭탄 설치,Evolution_Atk,공격력 증가,Evolution_Hp,최대 체력 증가,Evolution_Move,이동속도 증가,,,,,,,,
28,Evolution_Berserker,투지,Evolution_Atk,공격력 증가,Evolution_Atk,공격력 증가,Evolution_Atk,공격력 증가,Evolution_Atk,공격력 증가,,,,,,,,
29,Evolution_Boom,폭탄 설치,Evolution_Atk,공격력 증가,Evolution_Atk,공격력 증가,Evolution_CriticalDamage,치명타 데미지 증가,Evolution_Atk,공격력 증가,,,,,,,,
30,Evolution_Move,이동속도 증가,Evolution_invincibility,긴급 회피,Evolution_Berserker,투지,Evolution_Move,이동속도 증가,Evolution_Move,이동속도 증가,,,,,,,,
31,Evolution_Atk,공격력 증가,Evolution_CriticalDamage,치명타 데미지 증가,Evolution_Atk,공격력 증가,Evolution_Hp,최대 체력 증가,Evolution_Atk,공격력 증가,,,,,,,,
32,Evolution_Critical,치명타 확률 증가,Evolution_Atk,공격력 증가,Evolution_Atk,공격력 증가,Evolution_Atk,공격력 증가,Evolution_Hp,최대 체력 증가,,,,,,,,
33,Evolution_SkillCool,스킬 쿨타임 감소,Evolution_Critical,치명타 확률 증가,Evolution_Move,이동속도 증가,Evolution_SkillCool,스킬 쿨타임 감소,Evolution_Move,이동속도 증가,,,,,,,,
34,Evolution_Hp,최대 체력 증가,Evolution_Atk,공격력 증가,Evolution_Move,이동속도 증가,Evolution_Move,이동속도 증가,Evolution_Hp,최대 체력 증가,,,,,,,,
35,Evolution_Critical,치명타 확률 증가,Evolution_Critical,치명타 확률 증가,Evolution_Move,이동속도 증가,Evolution_SkillCool,스킬 쿨타임 감소,Evolution_Atk,공격력 증가,,,,,,,,
36,Evolution_Hp,최대 체력 증가,Evolution_Move,이동속도 증가,Evolution_Hp,최대 체력 증가,Evolution_Move,이동속도 증가,Evolution_Atk,공격력 증가,,,,,,,,
37,Evolution_Move,이동속도 증가,Evolution_Atk,공격력 증가,Evolution_Atk,공격력 증가,Evolution_SkillCool,스킬 쿨타임 감소,Evolution_Hp,최대 체력 증가,,,,,,,,
38,Evolution_Atk,공격력 증가,Evolution_CriticalDamage,치명타 데미지 증가,Evolution_Move,이동속도 증가,Evolution_Move,이동속도 증가,Evolution_SkillCool,스킬 쿨타임 감소,,,,,,,,
39,Evolution_Atk,공격력 증가,Evolution_SkillCool,스킬 쿨타임 감소,Evolution_SkillCool,스킬 쿨타임 감소,Evolution_CriticalDamage,치명타 데미지 증가,Evolution_Move,이동속도 증가,,,,,,,,
40,Evolution_Hp,최대 체력 증가,Evolution_Move,이동속도 증가,Evolution_Atk,공격력 증가,Evolution_SkillCool,스킬 쿨타임 감소,Evolution_Hp,최대 체력 증가,,,,,,,,
41,Evolution_Atk,공격력 증가,Evolution_Atk,공격력 증가,Evolution_Hp,최대 체력 증가,Evolution_Move,이동속도 증가,Evolution_CriticalDamage,치명타 데미지 증가,,,,,,,,
42,Evolution_CriticalDamage,치명타 데미지 증가,Evolution_invincibility,긴급 회피,Evolution_Move,이동속도 증가,Evolution_Move,이동속도 증가,Evolution_Critical,치명타 확률 증가,,,,,,,,
43,Evolution_Critical,치명타 확률 증가,Evolution_Atk,공격력 증가,Evolution_Hp,최대 체력 증가,Evolution_Boom,폭탄 설치,Evolution_Atk,공격력 증가,,,,,,,,
44,Evolution_CriticalDamage,치명타 데미지 증가,Evolution_SkillCool,스킬 쿨타임 감소,Evolution_SkillCool,스킬 쿨타임 감소,Evolution_Move,이동속도 증가,Evolution_Move,이동속도 증가,,,,,,,,
45,Evolution_CriticalDamage,치명타 데미지 증가,Evolution_Atk,공격력 증가,Evolution_Atk,공격력 증가,Evolution_Atk,공격력 증가,Evolution_Hp,최대 체력 증가,,,,,,,,
46,Evolution_Atk,공격력 증가,Evolution_Hp,최대 체력 증가,Evolution_Move,이동속도 증가,Evolution_Hp,최대 체력 증가,Evolution_Atk,공격력 증가,,,,,,,,
47,Evolution_Hp,최대 체력 증가,Evolution_Hp,최대 체력 증가,Evolution_Atk,공격력 증가,Evolution_Atk,공격력 증가,Evolution_Hp,최대 체력 증가,,,,,,,,
48,Evolution_CriticalDamage,치명타 데미지 증가,Evolution_Critical,치명타 확률 증가,Evolution_Hp,최대 체력 증가,Evolution_Atk,공격력 증가,Evolution_Move,이동속도 증가,,,,,,,,
49,Evolution_SkillCool,스킬 쿨타임 감소,Evolution_Move,이동속도 증가,Evolution_Move,이동속도 증가,Evolution_CriticalDamage,치명타 데미지 증가,Evolution_Atk,공격력 증가,,,,,,,,
50,Evolution_Move,이동속도 증가,Evolution_CriticalDamage,치명타 데미지 증가,Evolution_Move,이동속도 증가,Evolution_Atk,공격력 증가,Evolution_Hp,최대 체력 증가,,,,,,,,
51,Evolution_Atk,공격력 증가,Evolution_Move,이동속도 증가,Evolution_Boom,폭탄 설치,Evolution_Move,이동속도 증가,Evolution_Atk,공격력 증가,,,,,,,,
52,Evolution_Boom,폭탄 설치,Evolution_CriticalDamage,치명타 데미지 증가,Evolution_Atk,공격력 증가,Evolution_Boom,폭탄 설치,Evolution_Move,이동속도 증가,,,,,,,,
53,Evolution_Atk,공격력 증가,Evolution_Move,이동속도 증가,Evolution_CriticalDamage,치명타 데미지 증가,Evolution_Move,이동속도 증가,Evolution_invincibility,긴급 회피,,,,,,,,
54,Evolution_Move,이동속도 증가,Evolution_Boom,폭탄 설치,Evolution_SkillCool,스킬 쿨타임 감소,Evolution_Atk,공격력 증가,Evolution_Move,이동속도 증가,,,,,,,,
55,Evolution_Hp,최대 체력 증가,Evolution_Hp,최대 체력 증가,Evolution_Boom,폭탄 설치,Evolution_Atk,공격력 증가,Evolution_SkillCool,스킬 쿨타임 감소,,,,,,,,
56,Evolution_Boom,폭탄 설치,Evolution_Hp,최대 체력 증가,Evolution_CriticalDamage,치명타 데미지 증가,Evolution_Move,이동속도 증가,Evolution_Hp,최대 체력 증가,,,,,,,,
57,Evolution_CriticalDamage,치명타 데미지 증가,Evolution_CriticalDamage,치명타 데미지 증가,Evolution_Critical,치명타 확률 증가,Evolution_Atk,공격력 증가,Evolution_Atk,공격력 증가,,,,,,,,
58,Evolution_Critical,치명타 확률 증가,Evolution_CriticalDamage,치명타 데미지 증가,Evolution_Atk,공격력 증가,Evolution_Critical,치명타 확률 증가,Evolution_CriticalDamage,치명타 데미지 증가,,,,,,,,
59,Evolution_Atk,공격력 증가,Evolution_Hp,최대 체력 증가,Evolution_Atk,공격력 증가,Evolution_Move,이동속도 증가,Evolution_Hp,최대 체력 증가,,,,,,,,
60,Evolution_Hp,최대 체력 증가,Evolution_Move,이동속도 증가,Evolution_Critical,치명타 확률 증가,Evolution_Boom,폭탄 설치,Evolution_SkillCool,스킬 쿨타임 감소,,,,,,,,
61,Evolution_Move,이동속도 증가,Evolution_Hp,최대 체력 증가,Evolution_Boom,폭탄 설치,Evolution_CriticalDamage,치명타 데미지 증가,Evolution_CriticalDamage,치명타 데미지 증가,,,,,,,,
62,Evolution_Berserker,투지,Evolution_Hp,최대 체력 증가,Evolution_Atk,공격력 증가,Evolution_invincibility,긴급 회피,Evolution_Berserker,투지,,,,,,,,
63,Evolution_Atk,공격력 증가,Evolution_Atk,공격력 증가,Evolution_CriticalDamage,치명타 데미지 증가,Evolution_CriticalDamage,치명타 데미지 증가,Evolution_invincibility,긴급 회피,,,,,,,,
64,Evolution_Atk,공격력 증가,Evolution_invincibility,긴급 회피,Evolution_Boom,폭탄 설치,Evolution_Hp,최대 체력 증가,Evolution_Hp,최대 체력 증가,,,,,,,,
65,Evolution_invincibility,긴급 회피,Evolution_Hp,최대 체력 증가,Evolution_Atk,공격력 증가,Evolution_Move,이동속도 증가,Evolution_CriticalDamage,치명타 데미지 증가,,,,,,,,
66,Evolution_Hp,최대 체력 증가,Evolution_Boom,폭탄 설치,Evolution_Move,이동속도 증가,Evolution_Critical,치명타 확률 증가,Evolution_Critical,치명타 확률 증가,,,,,,,,
67,Evolution_Boom,폭탄 설치,Evolution_Atk,공격력 증가,Evolution_Move,이동속도 증가,Evolution_SkillCool,스킬 쿨타임 감소,Evolution_Atk,공격력 증가,,,,,,,,
68,Evolution_Boom,폭탄 설치,Evolution_Berserker,투지,Evolution_Atk,공격력 증가,Evolution_Hp,최대 체력 증가,Evolution_Move,이동속도 증가,,,,,,,,
69,Evolution_Hp,최대 체력 증가,Evolution_Critical,치명타 확률 증가,Evolution_Hp,최대 체력 증가,Evolution_Atk,공격력 증가,Evolution_SkillCool,스킬 쿨타임 감소,,,,,,,,
70,Evolution_Atk,공격력 증가,Evolution_Move,이동속도 증가,Evolution_invincibility,긴급 회피,Evolution_Hp,최대 체력 증가,Evolution_Atk,공격력 증가,,,,,,,,
71,Evolution_Move,이동속도 증가,Evolution_Critical,치명타 확률 증가,Evolution_Hp,최대 체력 증가,Evolution_invincibility,긴급 회피,Evolution_Hp,최대 체력 증가,,,,,,,,
72,Evolution_Move,이동속도 증가,Evolution_Berserker,투지,Evolution_SkillCool,스킬 쿨타임 감소,Evolution_Move,이동속도 증가,Evolution_Atk,공격력 증가,,,,,,,,
73,Evolution_Move,이동속도 증가,Evolution_Boom,폭탄 설치,Evolution_Critical,치명타 확률 증가,Evolution_Atk,공격력 증가,Evolution_Move,이동속도 증가,,,,,,,,
74,Evolution_Atk,공격력 증가,Evolution_CriticalDamage,치명타 데미지 증가,Evolution_Hp,최대 체력 증가,Evolution_SkillCool,스킬 쿨타임 감소,Evolution_Atk,공격력 증가,,,,,,,,
75,Evolution_Critical,치명타 확률 증가,Evolution_Berserker,투지,Evolution_Move,이동속도 증가,Evolution_Boom,폭탄 설치,Evolution_Boom,폭탄 설치,,,,,,,,
76,Evolution_Move,이동속도 증가,Evolution_CriticalDamage,치명타 데미지 증가,Evolution_Atk,공격력 증가,Evolution_Move,이동속도 증가,Evolution_CriticalDamage,치명타 데미지 증가,,,,,,,,
77,Evolution_Hp,최대 체력 증가,Evolution_Atk,공격력 증가,Evolution_Move,이동속도 증가,Evolution_Hp,최대 체력 증가,Evolution_Atk,공격력 증가,,,,,,,,
78,Evolution_Boom,폭탄 설치,Evolution_Hp,최대 체력 증가,Evolution_Atk,공격력 증가,Evolution_Move,이동속도 증가,Evolution_Hp,최대 체력 증가,,,,,,,,
79,Evolution_Berserker,투지,Evolution_invincibility,긴급 회피,Evolution_Boom,폭탄 설치,Evolution_Atk,공격력 증가,Evolution_Berserker,투지,,,,,,,,
80,Evolution_Atk,공격력 증가,Evolution_invincibility,긴급 회피,Evolution_Move,이동속도 증가,Evolution_Atk,공격력 증가,Evolution_Move,이동속도 증가,,,,,,,,
81,Evolution_Hp,최대 체력 증가,Evolution_Move,이동속도 증가,Evolution_Atk,공격력 증가,Evolution_CriticalDamage,치명타 데미지 증가,Evolution_Atk,공격력 증가,,,,,,,,
82,Evolution_Boom,폭탄 설치,Evolution_Move,이동속도 증가,Evolution_CriticalDamage,치명타 데미지 증가,Evolution_Boom,폭탄 설치,Evolution_Atk,공격력 증가,,,,,,,,
83,Evolution_Berserker,투지,Evolution_Hp,최대 체력 증가,Evolution_Critical,치명타 확률 증가,Evolution_Hp,최대 체력 증가,Evolution_Critical,치명타 확률 증가,,,,,,,,
84,Evolution_Atk,공격력 증가,Evolution_Atk,공격력 증가,Evolution_Boom,폭탄 설치,Evolution_Atk,공격력 증가,Evolution_Move,이동속도 증가,,,,,,,,
85,Evolution_Move,이동속도 증가,Evolution_Berserker,투지,Evolution_CriticalDamage,치명타 데미지 증가,Evolution_Atk,공격력 증가,Evolution_Atk,공격력 증가,,,,,,,,
86,Evolution_Move,이동속도 증가,Evolution_Boom,폭탄 설치,Evolution_CriticalDamage,치명타 데미지 증가,Evolution_Boom,폭탄 설치,Evolution_Boom,폭탄 설치,,,,,,,,
87,Evolution_CriticalDamage,치명타 데미지 증가,Evolution_Move,이동속도 증가,Evolution_Atk,공격력 증가,Evolution_Atk,공격력 증가,Evolution_CriticalDamage,치명타 데미지 증가,,,,,,,,
88,Evolution_Atk,공격력 증가,Evolution_Atk,공격력 증가,Evolution_Hp,최대 체력 증가,Evolution_Move,이동속도 증가,Evolution_Atk,공격력 증가,,,,,,,,
89,Evolution_Critical,치명타 확률 증가,Evolution_Atk,공격력 증가,Evolution_Critical,치명타 확률 증가,Evolution_Move,이동속도 증가,Evolution_CriticalDamage,치명타 데미지 증가,,,,,,,,
90,Evolution_Hp,최대 체력 증가,Evolution_Hp,최대 체력 증가,Evolution_Atk,공격력 증가,Evolution_Hp,최대 체력 증가,Evolution_invincibility,긴급 회피,,,,,,,,
91,Evolution_Critical,치명타 확률 증가,Evolution_Move,이동속도 증가,Evolution_CriticalDamage,치명타 데미지 증가,Evolution_CriticalDamage,치명타 데미지 증가,Evolution_Hp,최대 체력 증가,,,,,,,,
92,Evolution_Atk,공격력 증가,Evolution_Boom,폭탄 설치,Evolution_Hp,최대 체력 증가,Evolution_Atk,공격력 증가,Evolution_Critical,치명타 확률 증가,,,,,,,,
93,Evolution_Hp,최대 체력 증가,Evolution_Boom,폭탄 설치,Evolution_Hp,최대 체력 증가,Evolution_CriticalDamage,치명타 데미지 증가,Evolution_Critical,치명타 확률 증가,,,,,,,,
94,Evolution_CriticalDamage,치명타 데미지 증가,Evolution_CriticalDamage,치명타 데미지 증가,Evolution_invincibility,긴급 회피,Evolution_Hp,최대 체력 증가,Evolution_Critical,치명타 확률 증가,,,,,,,,
95,Evolution_Atk,공격력 증가,Evolution_Atk,공격력 증가,Evolution_Hp,최대 체력 증가,Evolution_Atk,공격력 증가,Evolution_Boom,폭탄 설치,,,,,,,,
96,Evolution_Hp,최대 체력 증가,Evolution_Hp,최대 체력 증가,Evolution_invincibility,긴급 회피,Evolution_Boom,폭탄 설치,Evolution_CriticalDamage,치명타 데미지 증가,,,,,,,,
97,Evolution_Hp,최대 체력 증가,Evolution_Atk,공격력 증가,Evolution_SkillCool,스킬 쿨타임 감소,Evolution_Move,이동속도 증가,Evolution_Boom,폭탄 설치,,,,,,,,
98,Evolution_Atk,공격력 증가,Evolution_Atk,공격력 증가,Evolution_invincibility,긴급 회피,Evolution_Hp,최대 체력 증가,Evolution_Boom,폭탄 설치,,,,,,,,
99,Evolution_Move,이동속도 증가,Evolution_Boom,폭탄 설치,Evolution_Hp,최대 체력 증가,Evolution_Hp,최대 체력 증가,Evolution_Hp,최대 체력 증가,,,,,,,,
100,Evolution_Move,이동속도 증가,Evolution_Atk,공격력 증가,Evolution_invincibility,긴급 회피,Evolution_Boom,폭탄 설치,Evolution_Critical,치명타 확률 증가,,,,,,,,
101,Evolution_SkillCool,스킬 쿨타임 감소,Evolution_Atk,공격력 증가,Evolution_Move,이동속도 증가,Evolution_Atk,공격력 증가,Evolution_Atk,공격력 증가,,,,,,,,
102,Evolution_Move,이동속도 증가,Evolution_Atk,공격력 증가,Evolution_Move,이동속도 증가,Evolution_Berserker,투지,Evolution_SkillCool,스킬 쿨타임 감소,,,,,,,,
103,Evolution_CriticalDamage,치명타 데미지 증가,Evolution_Move,이동속도 증가,Evolution_Move,이동속도 증가,Evolution_Move,이동속도 증가,Evolution_Atk,공격력 증가,,,,,,,,
104,Evolution_CriticalDamage,치명타 데미지 증가,Evolution_Boom,폭탄 설치,Evolution_Move,이동속도 증가,Evolution_Atk,공격력 증가,Evolution_Move,이동속도 증가,,,,,,,,
105,Evolution_Berserker,투지,Evolution_Atk,공격력 증가,Evolution_Hp,최대 체력 증가,Evolution_Move,이동속도 증가,Evolution_Move,이동속도 증가,,,,,,,,
106,Evolution_CriticalDamage,치명타 데미지 증가,Evolution_Boom,폭탄 설치,Evolution_Hp,최대 체력 증가,Evolution_Move,이동속도 증가,Evolution_Hp,최대 체력 증가,,,,,,,,
107,Evolution_SkillCool,스킬 쿨타임 감소,Evolution_Atk,공격력 증가,Evolution_Hp,최대 체력 증가,Evolution_Move,이동속도 증가,Evolution_CriticalDamage,치명타 데미지 증가,,,,,,,,
108,Evolution_Move,이동속도 증가,Evolution_Critical,치명타 확률 증가,Evolution_CriticalDamage,치명타 데미지 증가,Evolution_Atk,공격력 증가,Evolution_Move,이동속도 증가,,,,,,,,
109,Evolution_Hp,최대 체력 증가,Evolution_Move,이동속도 증가,Evolution_Boom,폭탄 설치,Evolution_Atk,공격력 증가,Evolution_Hp,최대 체력 증가,,,,,,,,
110,Evolution_Atk,공격력 증가,Evolution_Berserker,투지,Evolution_Atk,공격력 증가,Evolution_Move,이동속도 증가,Evolution_Boom,폭탄 설치,,,,,,,,
111,Evolution_Critical,치명타 확률 증가,Evolution_Atk,공격력 증가,Evolution_Atk,공격력 증가,Evolution_Hp,최대 체력 증가,Evolution_Critical,치명타 확률 증가,,,,,,,,
112,Evolution_Move,이동속도 증가,Evolution_Move,이동속도 증가,Evolution_Atk,공격력 증가,Evolution_Hp,최대 체력 증가,Evolution_Atk,공격력 증가,,,,,,,,
113,Evolution_Hp,최대 체력 증가,Evolution_Hp,최대 체력 증가,Evolution_Atk,공격력 증가,Evolution_Move,이동속도 증가,Evolution_Hp,최대 체력 증가,,,,,,,,
114,Evolution_Hp,최대 체력 증가,Evolution_SkillCool,스킬 쿨타임 감소,Evolution_Move,이동속도 증가,Evolution_Hp,최대 체력 증가,Evolution_Boom,폭탄 설치,,,,,,,,
115,Evolution_Atk,공격력 증가,Evolution_Hp,최대 체력 증가,Evolution_Hp,최대 체력 증가,Evolution_Boom,폭탄 설치,Evolution_Atk,공격력 증가,,,,,,,,
116,Evolution_Critical,치명타 확률 증가,Evolution_Move,이동속도 증가,Evolution_Atk,공격력 증가,Evolution_Move,이동속도 증가,Evolution_Move,이동속도 증가,,,,,,,,
117,Evolution_invincibility,긴급 회피,Evolution_Atk,공격력 증가,Evolution_Critical,치명타 확률 증가,Evolution_Atk,공격력 증가,Evolution_Atk,공격력 증가,,,,,,,,
118,Evolution_Move,이동속도 증가,Evolution_Atk,공격력 증가,Evolution_Hp,최대 체력 증가,Evolution_Berserker,투지,Evolution_Atk,공격력 증가,,,,,,,,
119,Evolution_Atk,공격력 증가,Evolution_Hp,최대 체력 증가,Evolution_CriticalDamage,치명타 데미지 증가,Evolution_CriticalDamage,치명타 데미지 증가,Evolution_Atk,공격력 증가,,,,,,,,
120,Evolution_Critical,치명타 확률 증가,Evolution_Move,이동속도 증가,Evolution_Boom,폭탄 설치,Evolution_SkillCool,스킬 쿨타임 감소,Evolution_Move,이동속도 증가,,,,,,,,
121,Evolution_Boom,폭탄 설치,Evolution_Atk,공격력 증가,Evolution_Atk,공격력 증가,Evolution_Atk,공격력 증가,Evolution_Atk,공격력 증가,,,,,,,,
122,Evolution_Boom,폭탄 설치,Evolution_invincibility,긴급 회피,Evolution_Hp,최대 체력 증가,Evolution_Move,이동속도 증가,Evolution_Move,이동속도 증가,,,,,,,,
123,Evolution_Move,이동속도 증가,Evolution_Move,이동속도 증가,Evolution_Hp,최대 체력 증가,Evolution_Move,이동속도 증가,Evolution_Boom,폭탄 설치,,,,,,,,
124,Evolution_CriticalDamage,치명타 데미지 증가,Evolution_Hp,최대 체력 증가,Evolution_SkillCool,스킬 쿨타임 감소,Evolution_SkillCool,스킬 쿨타임 감소,Evolution_SkillCool,스킬 쿨타임 감소,,,,,,,,
125,Evolution_SkillCool,스킬 쿨타임 감소,Evolution_Move,이동속도 증가,Evolution_Atk,공격력 증가,Evolution_Move,이동속도 증가,Evolution_Hp,최대 체력 증가,,,,,,,,
126,Evolution_Hp,최대 체력 증가,Evolution_Hp,최대 체력 증가,Evolution_CriticalDamage,치명타 데미지 증가,Evolution_Hp,최대 체력 증가,Evolution_Hp,최대 체력 증가,,,,,,,,
127,Evolution_Boom,폭탄 설치,Evolution_Hp,최대 체력 증가,Evolution_Hp,최대 체력 증가,Evolution_Atk,공격력 증가,Evolution_Move,이동속도 증가,,,,,,,,
128,Evolution_Boom,폭탄 설치,Evolution_Move,이동속도 증가,Evolution_CriticalDamage,치명타 데미지 증가,Evolution_invincibility,긴급 회피,Evolution_Move,이동속도 증가,,,,,,,,
129,Evolution_Critical,치명타 확률 증가,Evolution_Berserker,투지,Evolution_Atk,공격력 증가,Evolution_invincibility,긴급 회피,Evolution_Move,이동속도 증가,,,,,,,,
130,Evolution_Atk,공격력 증가,Evolution_Hp,최대 체력 증가,Evolution_Critical,치명타 확률 증가,Evolution_Atk,공격력 증가,Evolution_Boom,폭탄 설치,,,,,,,,
131,Evolution_Boom,폭탄 설치,Evolution_Move,이동속도 증가,Evolution_Berserker,투지,Evolution_Hp,최대 체력 증가,Evolution_CriticalDamage,치명타 데미지 증가,,,,,,,,
132,Evolution_Atk,공격력 증가,Evolution_Hp,최대 체력 증가,Evolution_CriticalDamage,치명타 데미지 증가,Evolution_Atk,공격력 증가,Evolution_Move,이동속도 증가,,,,,,,,
133,Evolution_CriticalDamage,치명타 데미지 증가,Evolution_Atk,공격력 증가,Evolution_Move,이동속도 증가,Evolution_Hp,최대 체력 증가,Evolution_Atk,공격력 증가,,,,,,,,
134,Evolution_Hp,최대 체력 증가,Evolution_CriticalDamage,치명타 데미지 증가,Evolution_CriticalDamage,치명타 데미지 증가,Evolution_Atk,공격력 증가,Evolution_CriticalDamage,치명타 데미지 증가,,,,,,,,
135,Evolution_Atk,공격력 증가,Evolution_Move,이동속도 증가,Evolution_Critical,치명타 확률 증가,Evolution_Hp,최대 체력 증가,Evolution_Boom,폭탄 설치,,,,,,,,
136,Evolution_Move,이동속도 증가,Evolution_Hp,최대 체력 증가,Evolution_Move,이동속도 증가,Evolution_Boom,폭탄 설치,Evolution_CriticalDamage,치명타 데미지 증가,,,,,,,,
137,Evolution_Atk,공격력 증가,Evolution_Boom,폭탄 설치,Evolution_CriticalDamage,치명타 데미지 증가,Evolution_Critical,치명타 확률 증가,Evolution_Move,이동속도 증가,,,,,,,,
138,Evolution_Atk,공격력 증가,Evolution_Move,이동속도 증가,Evolution_Move,이동속도 증가,Evolution_Move,이동속도 증가,Evolution_Move,이동속도 증가,,,,,,,,
139,Evolution_Atk,공격력 증가,Evolution_Atk,공격력 증가,Evolution_Hp,최대 체력 증가,Evolution_Hp,최대 체력 증가,Evolution_Move,이동속도 증가,,,,,,,,
140,Evolution_Atk,공격력 증가,Evolution_Boom,폭탄 설치,Evolution_Hp,최대 체력 증가,Evolution_Atk,공격력 증가,Evolution_CriticalDamage,치명타 데미지 증가,,,,,,,,
141,Evolution_Move,이동속도 증가,Evolution_Berserker,투지,Evolution_Critical,치명타 확률 증가,Evolution_Hp,최대 체력 증가,Evolution_invincibility,긴급 회피,,,,,,,,
142,Evolution_Move,이동속도 증가,Evolution_Hp,최대 체력 증가,Evolution_SkillCool,스킬 쿨타임 감소,Evolution_Boom,폭탄 설치,Evolution_CriticalDamage,치명타 데미지 증가,,,,,,,,
143,Evolution_Boom,폭탄 설치,Evolution_Critical,치명타 확률 증가,Evolution_invincibility,긴급 회피,Evolution_Move,이동속도 증가,Evolution_Boom,폭탄 설치,,,,,,,,
144,Evolution_Move,이동속도 증가,Evolution_Hp,최대 체력 증가,Evolution_Atk,공격력 증가,Evolution_Atk,공격력 증가,Evolution_Move,이동속도 증가,,,,,,,,
145,Evolution_Critical,치명타 확률 증가,Evolution_CriticalDamage,치명타 데미지 증가,Evolution_Hp,최대 체력 증가,Evolution_CriticalDamage,치명타 데미지 증가,Evolution_Move,이동속도 증가,,,,,,,,
146,Evolution_Critical,치명타 확률 증가,Evolution_SkillCool,스킬 쿨타임 감소,Evolution_Atk,공격력 증가,Evolution_Boom,폭탄 설치,Evolution_Atk,공격력 증가,,,,,,,,
147,Evolution_Hp,최대 체력 증가,Evolution_CriticalDamage,치명타 데미지 증가,Evolution_Atk,공격력 증가,Evolution_Atk,공격력 증가,Evolution_Critical,치명타 확률 증가,,,,,,,,
148,Evolution_Atk,공격력 증가,Evolution_invincibility,긴급 회피,Evolution_Atk,공격력 증가,Evolution_Hp,최대 체력 증가,Evolution_invincibility,긴급 회피,,,,,,,,
149,Evolution_Boom,폭탄 설치,Evolution_Atk,공격력 증가,Evolution_CriticalDamage,치명타 데미지 증가,Evolution_Atk,공격력 증가,Evolution_Move,이동속도 증가,,,,,,,,
150,Evolution_Move,이동속도 증가,Evolution_Move,이동속도 증가,Evolution_Atk,공격력 증가,Evolution_Atk,공격력 증가,Evolution_invincibility,긴급 회피,,,,,,,,
151,Evolution_Atk,공격력 증가,Evolution_Move,이동속도 증가,Evolution_Boom,폭탄 설치,Evolution_Boom,폭탄 설치,Evolution_Boom,폭탄 설치,,,,,,,,
152,Evolution_Atk,공격력 증가,Evolution_Atk,공격력 증가,Evolution_Move,이동속도 증가,Evolution_Move,이동속도 증가,Evolution_Atk,공격력 증가,,,,,,,,
153,Evolution_invincibility,긴급 회피,Evolution_invincibility,긴급 회피,Evolution_Atk,공격력 증가,Evolution_Hp,최대 체력 증가,Evolution_Boom,폭탄 설치,,,,,,,,
154,Evolution_Move,이동속도 증가,Evolution_Hp,최대 체력 증가,Evolution_Move,이동속도 증가,Evolution_Move,이동속도 증가,Evolution_Atk,공격력 증가,,,,,,,,
155,Evolution_Atk,공격력 증가,Evolution_Atk,공격력 증가,Evolution_Move,이동속도 증가,Evolution_Move,이동속도 증가,Evolution_Boom,폭탄 설치,,,,,,,,
156,Evolution_Atk,공격력 증가,Evolution_Move,이동속도 증가,Evolution_Critical,치명타 확률 증가,Evolution_Boom,폭탄 설치,Evolution_Move,이동속도 증가,,,,,,,,
157,Evolution_Boom,폭탄 설치,Evolution_SkillCool,스킬 쿨타임 감소,Evolution_invincibility,긴급 회피,Evolution_Atk,공격력 증가,Evolution_Move,이동속도 증가,,,,,,,,
158,Evolution_invincibility,긴급 회피,Evolution_Critical,치명타 확률 증가,Evolution_Hp,최대 체력 증가,Evolution_CriticalDamage,치명타 데미지 증가,Evolution_Atk,공격력 증가,,,,,,,,
159,Evolution_Move,이동속도 증가,Evolution_SkillCool,스킬 쿨타임 감소,Evolution_Atk,공격력 증가,Evolution_Hp,최대 체력 증가,Evolution_Atk,공격력 증가,,,,,,,,
160,Evolution_Critical,치명타 확률 증가,Evolution_Boom,폭탄 설치,Evolution_Atk,공격력 증가,Evolution_CriticalDamage,치명타 데미지 증가,Evolution_Boom,폭탄 설치,,,,,,,,
161,Evolution_invincibility,긴급 회피,Evolution_Critical,치명타 확률 증가,Evolution_Move,이동속도 증가,Evolution_CriticalDamage,치명타 데미지 증가,Evolution_CriticalDamage,치명타 데미지 증가,,,,,,,,
162,Evolution_Boom,폭탄 설치,Evolution_Boom,폭탄 설치,Evolution_CriticalDamage,치명타 데미지 증가,Evolution_Atk,공격력 증가,Evolution_CriticalDamage,치명타 데미지 증가,,,,,,,,
163,Evolution_Atk,공격력 증가,Evolution_Atk,공격력 증가,Evolution_Boom,폭탄 설치,Evolution_Atk,공격력 증가,Evolution_Move,이동속도 증가,,,,,,,,
164,Evolution_Move,이동속도 증가,Evolution_Hp,최대 체력 증가,Evolution_Hp,최대 체력 증가,Evolution_CriticalDamage,치명타 데미지 증가,Evolution_Critical,치명타 확률 증가,,,,,,,,
165,Evolution_Atk,공격력 증가,Evolution_Hp,최대 체력 증가,Evolution_Hp,최대 체력 증가,Evolution_Move,이동속도 증가,Evolution_Atk,공격력 증가,,,,,,,,
166,Evolution_Hp,최대 체력 증가,Evolution_Atk,공격력 증가,Evolution_Move,이동속도 증가,Evolution_SkillCool,스킬 쿨타임 감소,Evolution_SkillCool,스킬 쿨타임 감소,,,,,,,,
167,Evolution_Critical,치명타 확률 증가,Evolution_Hp,최대 체력 증가,Evolution_Move,이동속도 증가,Evolution_Hp,최대 체력 증가,Evolution_Move,이동속도 증가,,,,,,,,
168,Evolution_CriticalDamage,치명타 데미지 증가,Evolution_CriticalDamage,치명타 데미지 증가,Evolution_Move,이동속도 증가,Evolution_Berserker,투지,Evolution_Move,이동속도 증가,,,,,,,,
169,Evolution_Atk,공격력 증가,Evolution_Atk,공격력 증가,Evolution_Move,이동속도 증가,Evolution_Atk,공격력 증가,Evolution_CriticalDamage,치명타 데미지 증가,,,,,,,,
170,Evolution_SkillCool,스킬 쿨타임 감소,Evolution_Atk,공격력 증가,Evolution_Boom,폭탄 설치,Evolution_Atk,공격력 증가,Evolution_Atk,공격력 증가,,,,,,,,
171,Evolution_CriticalDamage,치명타 데미지 증가,Evolution_CriticalDamage,치명타 데미지 증가,Evolution_Atk,공격력 증가,Evolution_Move,이동속도 증가,Evolution_Move,이동속도 증가,,,,,,,,
172,Evolution_CriticalDamage,치명타 데미지 증가,Evolution_Move,이동속도 증가,Evolution_CriticalDamage,치명타 데미지 증가,Evolution_CriticalDamage,치명타 데미지 증가,Evolution_Move,이동속도 증가,,,,,,,,
173,Evolution_Atk,공격력 증가,Evolution_Atk,공격력 증가,Evolution_Atk,공격력 증가,Evolution_Atk,공격력 증가,Evolution_Atk,공격력 증가,,,,,,,,
174,Evolution_Move,이동속도 증가,Evolution_Move,이동속도 증가,Evolution_SkillCool,스킬 쿨타임 감소,Evolution_invincibility,긴급 회피,Evolution_Hp,최대 체력 증가,,,,,,,,
175,Evolution_CriticalDamage,치명타 데미지 증가,Evolution_Berserker,투지,Evolution_Critical,치명타 확률 증가,Evolution_Move,이동속도 증가,Evolution_Critical,치명타 확률 증가,,,,,,,,
176,Evolution_Boom,폭탄 설치,Evolution_Boom,폭탄 설치,Evolution_Boom,폭탄 설치,Evolution_Atk,공격력 증가,Evolution_Move,이동속도 증가,,,,,,,,
177,Evolution_CriticalDamage,치명타 데미지 증가,Evolution_invincibility,긴급 회피,Evolution_Hp,최대 체력 증가,Evolution_Boom,폭탄 설치,Evolution_Atk,공격력 증가,,,,,,,,
178,Evolution_CriticalDamage,치명타 데미지 증가,Evolution_Move,이동속도 증가,Evolution_SkillCool,스킬 쿨타임 감소,Evolution_Move,이동속도 증가,Evolution_Critical,치명타 확률 증가,,,,,,,,
179,Evolution_Atk,공격력 증가,Evolution_CriticalDamage,치명타 데미지 증가,Evolution_Move,이동속도 증가,Evolution_Hp,최대 체력 증가,Evolution_invincibility,긴급 회피,,,,,,,,
180,Evolution_Atk,공격력 증가,Evolution_Atk,공격력 증가,Evolution_CriticalDamage,치명타 데미지 증가,Evolution_Hp,최대 체력 증가,Evolution_Berserker,투지,,,,,,,,
181,Evolution_Atk,공격력 증가,Evolution_Critical,치명타 확률 증가,Evolution_Hp,최대 체력 증가,Evolution_Hp,최대 체력 증가,Evolution_Atk,공격력 증가,,,,,,,,
182,Evolution_Move,이동속도 증가,Evolution_Move,이동속도 증가,Evolution_Boom,폭탄 설치,Evolution_Atk,공격력 증가,Evolution_Move,이동속도 증가,,,,,,,,
183,Evolution_Boom,폭탄 설치,Evolution_Atk,공격력 증가,Evolution_Move,이동속도 증가,Evolution_Atk,공격력 증가,Evolution_Hp,최대 체력 증가,,,,,,,,
184,Evolution_Atk,공격력 증가,Evolution_Move,이동속도 증가,Evolution_Atk,공격력 증가,Evolution_Hp,최대 체력 증가,Evolution_CriticalDamage,치명타 데미지 증가,,,,,,,,
185,Evolution_Hp,최대 체력 증가,Evolution_Boom,폭탄 설치,Evolution_Move,이동속도 증가,Evolution_CriticalDamage,치명타 데미지 증가,Evolution_Hp,최대 체력 증가,,,,,,,,
186,Evolution_Move,이동속도 증가,Evolution_Move,이동속도 증가,Evolution_Boom,폭탄 설치,Evolution_Atk,공격력 증가,Evolution_Atk,공격력 증가,,,,,,,,
187,Evolution_Atk,공격력 증가,Evolution_Atk,공격력 증가,Evolution_invincibility,긴급 회피,Evolution_CriticalDamage,치명타 데미지 증가,Evolution_Move,이동속도 증가,,,,,,,,
188,Evolution_Atk,공격력 증가,Evolution_Move,이동속도 증가,Evolution_Critical,치명타 확률 증가,Evolution_CriticalDamage,치명타 데미지 증가,Evolution_Hp,최대 체력 증가,,,,,,,,
189,Evolution_Move,이동속도 증가,Evolution_Move,이동속도 증가,Evolution_Atk,공격력 증가,Evolution_Atk,공격력 증가,Evolution_Boom,폭탄 설치,,,,,,,,
190,Evolution_Atk,공격력 증가,Evolution_Hp,최대 체력 증가,Evolution_Atk,공격력 증가,Evolution_Hp,최대 체력 증가,Evolution_Move,이동속도 증가,,,,,,,,
191,Evolution_invincibility,긴급 회피,Evolution_Atk,공격력 증가,Evolution_Move,이동속도 증가,Evolution_Boom,폭탄 설치,Evolution_Move,이동속도 증가,,,,,,,,
192,Evolution_Critical,치명타 확률 증가,Evolution_Hp,최대 체력 증가,Evolution_CriticalDamage,치명타 데미지 증가,Evolution_Atk,공격력 증가,Evolution_Move,이동속도 증가,,,,,,,,
193,Evolution_CriticalDamage,치명타 데미지 증가,Evolution_Atk,공격력 증가,Evolution_Atk,공격력 증가,Evolution_CriticalDamage,치명타 데미지 증가,Evolution_Hp,최대 체력 증가,,,,,,,,
194,Evolution_Boom,폭탄 설치,Evolution_Atk,공격력 증가,Evolution_SkillCool,스킬 쿨타임 감소,Evolution_Atk,공격력 증가,Evolution_Berserker,투지,,,,,,,,
195,Evolution_Atk,공격력 증가,Evolution_CriticalDamage,치명타 데미지 증가,Evolution_Move,이동속도 증가,Evolution_SkillCool,스킬 쿨타임 감소,Evolution_Berserker,투지,,,,,,,,
196,Evolution_SkillCool,스킬 쿨타임 감소,Evolution_Atk,공격력 증가,Evolution_Boom,폭탄 설치,Evolution_Move,이동속도 증가,Evolution_Atk,공격력 증가,,,,,,,,
197,Evolution_Move,이동속도 증가,Evolution_Atk,공격력 증가,Evolution_Atk,공격력 증가,Evolution_Hp,최대 체력 증가,Evolution_Boom,폭탄 설치,,,,,,,,
198,Evolution_Atk,공격력 증가,Evolution_Move,이동속도 증가,Evolution_Atk,공격력 증가,Evolution_Move,이동속도 증가,Evolution_Atk,공격력 증가,,,,,,,,
199,Evolution_Hp,최대 체력 증가,Evolution_Move,이동속도 증가,Evolution_Atk,공격력 증가,Evolution_Berserker,투지,Evolution_Atk,공격력 증가,,,,,,,,
200,Evolution_SkillCool,스킬 쿨타임 감소,Evolution_Hp,최대 체력 증가,Evolution_CriticalDamage,치명타 데미지 증가,Evolution_Move,이동속도 증가,Evolution_CriticalDamage,치명타 데미지 증가,,,,,,,,
201,Evolution_Move,이동속도 증가,Evolution_Atk,공격력 증가,Evolution_Hp,최대 체력 증가,Evolution_SkillCool,스킬 쿨타임 감소,Evolution_Move,이동속도 증가,,,,,,,,
202,Evolution_Hp,최대 체력 증가,Evolution_Critical,치명타 확률 증가,Evolution_Critical,치명타 확률 증가,Evolution_Critical,치명타 확률 증가,Evolution_Atk,공격력 증가,,,,,,,,
203,Evolution_SkillCool,스킬 쿨타임 감소,Evolution_Critical,치명타 확률 증가,Evolution_Berserker,투지,Evolution_Boom,폭탄 설치,Evolution_Atk,공격력 증가,,,,,,,,
204,Evolution_Atk,공격력 증가,Evolution_Atk,공격력 증가,Evolution_Hp,최대 체력 증가,Evolution_CriticalDamage,치명타 데미지 증가,Evolution_Boom,폭탄 설치,,,,,,,,
205,Evolution_Hp,최대 체력 증가,Evolution_Move,이동속도 증가,Evolution_Berserker,투지,Evolution_Boom,폭탄 설치,Evolution_Atk,공격력 증가,,,,,,,,
206,Evolution_Move,이동속도 증가,Evolution_Hp,최대 체력 증가,Evolution_Move,이동속도 증가,Evolution_SkillCool,스킬 쿨타임 감소,Evolution_Atk,공격력 증가,,,,,,,,
207,Evolution_Atk,공격력 증가,Evolution_Boom,폭탄 설치,Evolution_Critical,치명타 확률 증가,Evolution_Atk,공격력 증가,Evolution_Hp,최대 체력 증가,,,,,,,,
208,Evolution_invincibility,긴급 회피,Evolution_Boom,폭탄 설치,Evolution_Atk,공격력 증가,Evolution_Move,이동속도 증가,Evolution_Hp,최대 체력 증가,,,,,,,,
209,Evolution_Atk,공격력 증가,Evolution_Atk,공격력 증가,Evolution_Atk,공격력 증가,Evolution_Move,이동속도 증가,Evolution_Atk,공격력 증가,,,,,,,,
210,Evolution_Hp,최대 체력 증가,Evolution_Move,이동속도 증가,Evolution_Move,이동속도 증가,Evolution_CriticalDamage,치명타 데미지 증가,Evolution_Hp,최대 체력 증가,,,,,,,,
211,Evolution_Move,이동속도 증가,Evolution_SkillCool,스킬 쿨타임 감소,Evolution_Boom,폭탄 설치,Evolution_Critical,치명타 확률 증가,Evolution_Atk,공격력 증가,,,,,,,,
212,Evolution_Critical,치명타 확률 증가,Evolution_Move,이동속도 증가,Evolution_Atk,공격력 증가,Evolution_Berserker,투지,Evolution_Critical,치명타 확률 증가,,,,,,,,
213,Evolution_Hp,최대 체력 증가,Evolution_Move,이동속도 증가,Evolution_Hp,최대 체력 증가,Evolution_invincibility,긴급 회피,Evolution_Hp,최대 체력 증가,,,,,,,,
214,Evolution_CriticalDamage,치명타 데미지 증가,Evolution_CriticalDamage,치명타 데미지 증가,Evolution_Atk,공격력 증가,Evolution_Hp,최대 체력 증가,Evolution_Hp,최대 체력 증가,,,,,,,,
215,Evolution_CriticalDamage,치명타 데미지 증가,Evolution_Move,이동속도 증가,Evolution_CriticalDamage,치명타 데미지 증가,Evolution_Critical,치명타 확률 증가,Evolution_Atk,공격력 증가,,,,,,,,
216,Evolution_Boom,폭탄 설치,Evolution_Hp,최대 체력 증가,Evolution_Move,이동속도 증가,Evolution_Atk,공격력 증가,Evolution_Berserker,투지,,,,,,,,
217,Evolution_Move,이동속도 증가,Evolution_Move,이동속도 증가,Evolution_Atk,공격력 증가,Evolution_SkillCool,스킬 쿨타임 감소,Evolution_Atk,공격력 증가,,,,,,,,
218,Evolution_Move,이동속도 증가,Evolution_Move,이동속도 증가,Evolution_Move,이동속도 증가,Evolution_invincibility,긴급 회피,Evolution_Hp,최대 체력 증가,,,,,,,,
219,Evolution_Critical,치명타 확률 증가,Evolution_Berserker,투지,Evolution_Berserker,투지,Evolution_Move,이동속도 증가,Evolution_Hp,최대 체력 증가,,,,,,,,
220,Evolution_Move,이동속도 증가,Evolution_Hp,최대 체력 증가,Evolution_Critical,치명타 확률 증가,Evolution_Atk,공격력 증가,Evolution_invincibility,긴급 회피,,,,,,,,
221,Evolution_Atk,공격력 증가,Evolution_Atk,공격력 증가,Evolution_Move,이동속도 증가,Evolution_invincibility,긴급 회피,Evolution_Move,이동속도 증가,,,,,,,,
222,Evolution_CriticalDamage,치명타 데미지 증가,Evolution_Move,이동속도 증가,Evolution_SkillCool,스킬 쿨타임 감소,Evolution_CriticalDamage,치명타 데미지 증가,Evolution_invincibility,긴급 회피,,,,,,,,
223,Evolution_Move,이동속도 증가,Evolution_CriticalDamage,치명타 데미지 증가,Evolution_Move,이동속도 증가,Evolution_Atk,공격력 증가,Evolution_Critical,치명타 확률 증가,,,,,,,,
224,Evolution_Atk,공격력 증가,Evolution_Critical,치명타 확률 증가,Evolution_Atk,공격력 증가,Evolution_Critical,치명타 확률 증가,Evolution_Hp,최대 체력 증가,,,,,,,,
225,Evolution_Hp,최대 체력 증가,Evolution_SkillCool,스킬 쿨타임 감소,Evolution_CriticalDamage,치명타 데미지 증가,Evolution_Boom,폭탄 설치,Evolution_Berserker,투지,,,,,,,,
226,Evolution_SkillCool,스킬 쿨타임 감소,Evolution_Atk,공격력 증가,Evolution_Hp,최대 체력 증가,Evolution_Critical,치명타 확률 증가,Evolution_Move,이동속도 증가,,,,,,,,
227,Evolution_Atk,공격력 증가,Evolution_Atk,공격력 증가,Evolution_Atk,공격력 증가,Evolution_invincibility,긴급 회피,Evolution_Atk,공격력 증가,,,,,,,,
228,Evolution_Move,이동속도 증가,Evolution_Move,이동속도 증가,Evolution_Hp,최대 체력 증가,Evolution_SkillCool,스킬 쿨타임 감소,Evolution_Boom,폭탄 설치,,,,,,,,
229,Evolution_Hp,최대 체력 증가,Evolution_Boom,폭탄 설치,Evolution_Atk,공격력 증가,Evolution_Boom,폭탄 설치,Evolution_invincibility,긴급 회피,,,,,,,,
230,Evolution_Atk,공격력 증가,Evolution_Move,이동속도 증가,Evolution_Atk,공격력 증가,Evolution_Move,이동속도 증가,Evolution_Atk,공격력 증가,,,,,,,,
231,Evolution_Hp,최대 체력 증가,Evolution_Move,이동속도 증가,Evolution_Boom,폭탄 설치,Evolution_Atk,공격력 증가,Evolution_Move,이동속도 증가,,,,,,,,
232,Evolution_Move,이동속도 증가,Evolution_Hp,최대 체력 증가,Evolution_Atk,공격력 증가,Evolution_Atk,공격력 증가,Evolution_SkillCool,스킬 쿨타임 감소,,,,,,,,
233,Evolution_Hp,최대 체력 증가,Evolution_Critical,치명타 확률 증가,Evolution_Move,이동속도 증가,Evolution_Boom,폭탄 설치,Evolution_Atk,공격력 증가,,,,,,,,
234,Evolution_CriticalDamage,치명타 데미지 증가,Evolution_Hp,최대 체력 증가,Evolution_Move,이동속도 증가,Evolution_Atk,공격력 증가,Evolution_Atk,공격력 증가,,,,,,,,
235,Evolution_Move,이동속도 증가,Evolution_Atk,공격력 증가,Evolution_Atk,공격력 증가,Evolution_Critical,치명타 확률 증가,Evolution_Atk,공격력 증가,,,,,,,,
236,Evolution_Move,이동속도 증가,Evolution_Boom,폭탄 설치,Evolution_SkillCool,스킬 쿨타임 감소,Evolution_Hp,최대 체력 증가,Evolution_SkillCool,스킬 쿨타임 감소,,,,,,,,
237,Evolution_Atk,공격력 증가,Evolution_Atk,공격력 증가,Evolution_Move,이동속도 증가,Evolution_Atk,공격력 증가,Evolution_Hp,최대 체력 증가,,,,,,,,
238,Evolution_Atk,공격력 증가,Evolution_Critical,치명타 확률 증가,Evolution_Boom,폭탄 설치,Evolution_Atk,공격력 증가,Evolution_Hp,최대 체력 증가,,,,,,,,
239,Evolution_Boom,폭탄 설치,Evolution_Critical,치명타 확률 증가,Evolution_Atk,공격력 증가,Evolution_Move,이동속도 증가,Evolution_CriticalDamage,치명타 데미지 증가,,,,,,,,
240,Evolution_Atk,공격력 증가,Evolution_CriticalDamage,치명타 데미지 증가,Evolution_Move,이동속도 증가,Evolution_CriticalDamage,치명타 데미지 증가,Evolution_Boom,폭탄 설치,,,,,,,,
241,Evolution_Critical,치명타 확률 증가,Evolution_Hp,최대 체력 증가,Evolution_Move,이동속도 증가,Evolution_invincibility,긴급 회피,Evolution_Atk,공격력 증가,,,,,,,,
242,Evolution_Hp,최대 체력 증가,Evolution_Hp,최대 체력 증가,Evolution_Move,이동속도 증가,Evolution_Atk,공격력 증가,Evolution_Hp,최대 체력 증가,,,,,,,,
243,Evolution_Atk,공격력 증가,Evolution_Move,이동속도 증가,Evolution_Hp,최대 체력 증가,Evolution_Move,이동속도 증가,Evolution_Berserker,투지,,,,,,,,
244,Evolution_Atk,공격력 증가,Evolution_Atk,공격력 증가,Evolution_Hp,최대 체력 증가,Evolution_CriticalDamage,치명타 데미지 증가,Evolution_Move,이동속도 증가,,,,,,,,
245,Evolution_Move,이동속도 증가,Evolution_Atk,공격력 증가,Evolution_Move,이동속도 증가,Evolution_Hp,최대 체력 증가,Evolution_Atk,공격력 증가,,,,,,,,
246,Evolution_Atk,공격력 증가,Evolution_Boom,폭탄 설치,Evolution_CriticalDamage,치명타 데미지 증가,Evolution_Critical,치명타 확률 증가,Evolution_invincibility,긴급 회피,,,,,,,,
247,Evolution_Hp,최대 체력 증가,Evolution_CriticalDamage,치명타 데미지 증가,Evolution_CriticalDamage,치명타 데미지 증가,Evolution_Atk,공격력 증가,Evolution_Atk,공격력 증가,,,,,,,,
248,Evolution_CriticalDamage,치명타 데미지 증가,Evolution_CriticalDamage,치명타 데미지 증가,Evolution_Atk,공격력 증가,Evolution_Boom,폭탄 설치,Evolution_Boom,폭탄 설치,,,,,,,,
249,Evolution_Move,이동속도 증가,Evolution_Hp,최대 체력 증가,Evolution_Move,이동속도 증가,Evolution_Atk,공격력 증가,Evolution_Hp,최대 체력 증가,,,,,,,,
250,Evolution_Critical,치명타 확률 증가,Evolution_CriticalDamage,치명타 데미지 증가,Evolution_Critical,치명타 확률 증가,Evolution_Atk,공격력 증가,Evolution_Atk,공격력 증가,,,,,,,,
251,Evolution_Atk,공격력 증가,Evolution_SkillCool,스킬 쿨타임 감소,Evolution_Boom,폭탄 설치,Evolution_Move,이동속도 증가,Evolution_Atk,공격력 증가,,,,,,,,
252,Evolution_Atk,공격력 증가,Evolution_Atk,공격력 증가,Evolution_Atk,공격력 증가,Evolution_Atk,공격력 증가,Evolution_Hp,최대 체력 증가,,,,,,,,
253,Evolution_Atk,공격력 증가,Evolution_Atk,공격력 증가,Evolution_invincibility,긴급 회피,Evolution_CriticalDamage,치명타 데미지 증가,Evolution_CriticalDamage,치명타 데미지 증가,,,,,,,,
254,Evolution_Atk,공격력 증가,Evolution_Atk,공격력 증가,Evolution_Move,이동속도 증가,Evolution_Hp,최대 체력 증가,Evolution_Atk,공격력 증가,,,,,,,,
255,Evolution_Hp,최대 체력 증가,Evolution_SkillCool,스킬 쿨타임 감소,Evolution_Hp,최대 체력 증가,Evolution_Atk,공격력 증가,Evolution_Atk,공격력 증가,,,,,,,,
256,Evolution_Move,이동속도 증가,Evolution_Atk,공격력 증가,Evolution_Berserker,투지,Evolution_Hp,최대 체력 증가,Evolution_Atk,공격력 증가,,,,,,,,
257,Evolution_CriticalDamage,치명타 데미지 증가,Evolution_Atk,공격력 증가,Evolution_Move,이동속도 증가,Evolution_Critical,치명타 확률 증가,Evolution_SkillCool,스킬 쿨타임 감소,,,,,,,,
258,Evolution_Hp,최대 체력 증가,Evolution_SkillCool,스킬 쿨타임 감소,Evolution_Move,이동속도 증가,Evolution_invincibility,긴급 회피,Evolution_SkillCool,스킬 쿨타임 감소,,,,,,,,
259,Evolution_Atk,공격력 증가,Evolution_SkillCool,스킬 쿨타임 감소,Evolution_invincibility,긴급 회피,Evolution_Atk,공격력 증가,Evolution_Atk,공격력 증가,,,,,,,,
260,Evolution_Atk,공격력 증가,Evolution_Hp,최대 체력 증가,Evolution_Move,이동속도 증가,Evolution_Berserker,투지,Evolution_Move,이동속도 증가,,,,,,,,
261,Evolution_Move,이동속도 증가,Evolution_Move,이동속도 증가,Evolution_Hp,최대 체력 증가,Evolution_Move,이동속도 증가,Evolution_Critical,치명타 확률 증가,,,,,,,,
262,Evolution_Move,이동속도 증가,Evolution_Move,이동속도 증가,Evolution_Move,이동속도 증가,Evolution_Hp,최대 체력 증가,Evolution_Critical,치명타 확률 증가,,,,,,,,
263,Evolution_Atk,공격력 증가,Evolution_Move,이동속도 증가,Evolution_Boom,폭탄 설치,Evolution_Critical,치명타 확률 증가,Evolution_Move,이동속도 증가,,,,,,,,
264,Evolution_Move,이동속도 증가,Evolution_Hp,최대 체력 증가,Evolution_CriticalDamage,치명타 데미지 증가,Evolution_Atk,공격력 증가,Evolution_CriticalDamage,치명타 데미지 증가,,,,,,,,
265,Evolution_SkillCool,스킬 쿨타임 감소,Evolution_Boom,폭탄 설치,Evolution_SkillCool,스킬 쿨타임 감소,Evolution_CriticalDamage,치명타 데미지 증가,Evolution_Move,이동속도 증가,,,,,,,,
266,Evolution_Atk,공격력 증가,Evolution_CriticalDamage,치명타 데미지 증가,Evolution_Hp,최대 체력 증가,Evolution_Atk,공격력 증가,Evolution_Atk,공격력 증가,,,,,,,,
267,Evolution_Atk,공격력 증가,Evolution_Atk,공격력 증가,Evolution_Berserker,투지,Evolution_Atk,공격력 증가,Evolution_Move,이동속도 증가,,,,,,,,
268,Evolution_Move,이동속도 증가,Evolution_Move,이동속도 증가,Evolution_Atk,공격력 증가,Evolution_Critical,치명타 확률 증가,Evolution_Atk,공격력 증가,,,,,,,,
269,Evolution_Boom,폭탄 설치,Evolution_Boom,폭탄 설치,Evolution_Atk,공격력 증가,Evolution_Critical,치명타 확률 증가,Evolution_Hp,최대 체력 증가,,,,,,,,
270,Evolution_CriticalDamage,치명타 데미지 증가,Evolution_Hp,최대 체력 증가,Evolution_Boom,폭탄 설치,Evolution_Hp,최대 체력 증가,Evolution_CriticalDamage,치명타 데미지 증가,,,,,,,,
271,Evolution_Boom,폭탄 설치,Evolution_Boom,폭탄 설치,Evolution_Move,이동속도 증가,Evolution_Boom,폭탄 설치,Evolution_CriticalDamage,치명타 데미지 증가,,,,,,,,
272,Evolution_Hp,최대 체력 증가,Evolution_SkillCool,스킬 쿨타임 감소,Evolution_Hp,최대 체력 증가,Evolution_Berserker,투지,Evolution_SkillCool,스킬 쿨타임 감소,,,,,,,,
273,Evolution_SkillCool,스킬 쿨타임 감소,Evolution_Atk,공격력 증가,Evolution_Atk,공격력 증가,Evolution_Hp,최대 체력 증가,Evolution_Move,이동속도 증가,,,,,,,,
274,Evolution_invincibility,긴급 회피,Evolution_CriticalDamage,치명타 데미지 증가,Evolution_SkillCool,스킬 쿨타임 감소,Evolution_Move,이동속도 증가,Evolution_Hp,최대 체력 증가,,,,,,,,
275,Evolution_Atk,공격력 증가,Evolution_invincibility,긴급 회피,Evolution_Atk,공격력 증가,Evolution_Atk,공격력 증가,Evolution_Atk,공격력 증가,,,,,,,,
276,Evolution_Move,이동속도 증가,Evolution_Atk,공격력 증가,Evolution_Hp,최대 체력 증가,Evolution_Hp,최대 체력 증가,Evolution_Atk,공격력 증가,,,,,,,,
277,Evolution_invincibility,긴급 회피,Evolution_Move,이동속도 증가,Evolution_Boom,폭탄 설치,Evolution_Berserker,투지,Evolution_Hp,최대 체력 증가,,,,,,,,
278,Evolution_CriticalDamage,치명타 데미지 증가,Evolution_Berserker,투지,Evolution_Atk,공격력 증가,Evolution_Move,이동속도 증가,Evolution_Move,이동속도 증가,,,,,,,,
279,Evolution_Move,이동속도 증가,Evolution_SkillCool,스킬 쿨타임 감소,Evolution_Move,이동속도 증가,Evolution_Hp,최대 체력 증가,Evolution_CriticalDamage,치명타 데미지 증가,,,,,,,,
280,Evolution_Move,이동속도 증가,Evolution_Critical,치명타 확률 증가,Evolution_CriticalDamage,치명타 데미지 증가,Evolution_SkillCool,스킬 쿨타임 감소,Evolution_Move,이동속도 증가,,,,,,,,
281,Evolution_Atk,공격력 증가,Evolution_Hp,최대 체력 증가,Evolution_Atk,공격력 증가,Evolution_Move,이동속도 증가,Evolution_CriticalDamage,치명타 데미지 증가,,,,,,,,
282,Evolution_Move,이동속도 증가,Evolution_Boom,폭탄 설치,Evolution_Move,이동속도 증가,Evolution_Move,이동속도 증가,Evolution_Atk,공격력 증가,,,,,,,,
283,Evolution_invincibility,긴급 회피,Evolution_Critical,치명타 확률 증가,Evolution_invincibility,긴급 회피,Evolution_Move,이동속도 증가,Evolution_Move,이동속도 증가,,,,,,,,
284,Evolution_Boom,폭탄 설치,Evolution_Atk,공격력 증가,Evolution_Move,이동속도 증가,Evolution_Atk,공격력 증가,Evolution_Atk,공격력 증가,,,,,,,,
285,Evolution_Hp,최대 체력 증가,Evolution_Atk,공격력 증가,Evolution_Move,이동속도 증가,Evolution_Critical,치명타 확률 증가,Evolution_Atk,공격력 증가,,,,,,,,
286,Evolution_Hp,최대 체력 증가,Evolution_CriticalDamage,치명타 데미지 증가,Evolution_Critical,치명타 확률 증가,Evolution_Move,이동속도 증가,Evolution_Boom,폭탄 설치,,,,,,,,
287,Evolution_CriticalDamage,치명타 데미지 증가,Evolution_Move,이동속도 증가,Evolution_Critical,치명타 확률 증가,Evolution_Boom,폭탄 설치,Evolution_Move,이동속도 증가,,,,,,,,
288,Evolution_Move,이동속도 증가,Evolution_Atk,공격력 증가,Evolution_Move,이동속도 증가,Evolution_CriticalDamage,치명타 데미지 증가,Evolution_Move,이동속도 증가,,,,,,,,
289,Evolution_Berserker,투지,Evolution_Move,이동속도 증가,Evolution_Boom,폭탄 설치,Evolution_Atk,공격력 증가,Evolution_Atk,공격력 증가,,,,,,,,
290,Evolution_invincibility,긴급 회피,Evolution_Atk,공격력 증가,Evolution_Atk,공격력 증가,Evolution_Berserker,투지,Evolution_Critical,치명타 확률 증가,,,,,,,,
291,Evolution_Atk,공격력 증가,Evolution_Atk,공격력 증가,Evolution_Hp,최대 체력 증가,Evolution_CriticalDamage,치명타 데미지 증가,Evolution_Hp,최대 체력 증가,,,,,,,,
292,Evolution_Hp,최대 체력 증가,Evolution_Critical,치명타 확률 증가,Evolution_CriticalDamage,치명타 데미지 증가,Evolution_Move,이동속도 증가,Evolution_invincibility,긴급 회피,,,,,,,,
293,Evolution_SkillCool,스킬 쿨타임 감소,Evolution_Atk,공격력 증가,Evolution_Hp,최대 체력 증가,Evolution_Hp,최대 체력 증가,Evolution_CriticalDamage,치명타 데미지 증가,,,,,,,,
294,Evolution_Hp,최대 체력 증가,Evolution_CriticalDamage,치명타 데미지 증가,Evolution_Atk,공격력 증가,Evolution_Atk,공격력 증가,Evolution_Move,이동속도 증가,,,,,,,,
295,Evolution_Hp,최대 체력 증가,Evolution_Atk,공격력 증가,Evolution_Atk,공격력 증가,Evolution_Critical,치명타 확률 증가,Evolution_Atk,공격력 증가,,,,,,,,
296,Evolution_Atk,공격력 증가,Evolution_Move,이동속도 증가,Evolution_Atk,공격력 증가,Evolution_CriticalDamage,치명타 데미지 증가,Evolution_Boom,폭탄 설치,,,,,,,,
297,Evolution_Boom,폭탄 설치,Evolution_Move,이동속도 증가,Evolution_Move,이동속도 증가,Evolution_Atk,공격력 증가,Evolution_Hp,최대 체력 증가,,,,,,,,
298,Evolution_CriticalDamage,치명타 데미지 증가,Evolution_Atk,공격력 증가,Evolution_invincibility,긴급 회피,Evolution_Atk,공격력 증가,Evolution_Move,이동속도 증가,,,,,,,,
299,Evolution_Hp,최대 체력 증가,Evolution_Move,이동속도 증가,Evolution_CriticalDamage,치명타 데미지 증가,Evolution_Hp,최대 체력 증가,Evolution_SkillCool,스킬 쿨타임 감소,,,,,,,,
300,Evolution_Berserker,투지,Evolution_Atk,공격력 증가,Evolution_Berserker,투지,Evolution_Atk,공격력 증가,Evolution_Berserker,투지,,,,,,,,